"Bitpacking","Gzip+","Gzip-","LZ4+","LZ4-","LZMA+","LZMA-","bzip2+","bzip2-","xz+","xz-"
2.64589368479,2.9096407783,3.99988712319,4.18761679002,1.37104031945,2.41125192869,3.66891060908,3.95442911929,3.66833834068,3.95381360544,2.90909082446
2.6541994671,2.90206582032,3.99726163594,4.2035250572,1.3696417462,2.38177464612,3.68902071809,3.94448336883,3.68844542464,3.94386911939,2.90909082446
2.84589581589,3.23832471812,4.40611273238,4.5516710937,1.36544859788,2.73977988471,4.07863190368,4.51272768023,4.07799641185,4.51202291674,1.77777774617
2.84905790238,3.22545466896,4.39173117827,4.54253158124,1.36485037168,2.73758791498,4.07652485062,4.48169484792,4.07588947525,4.48099462308,1.88235290574
2.87448199948,3.29754268438,4.46859182093,4.59127152223,1.36350091841,2.78524884029,4.11700825656,4.56928116594,4.11636672349,4.56856713425,1.99999996
2.83979860461,3.17045526295,4.32602363318,4.49665116401,1.36501735169,2.70029229044,4.0634116518,4.4462782378,4.06277738613,4.44558369936,1.88235290574
2.8406983587,3.20583731682,4.35624704395,4.51765229717,1.36592707145,2.71873719008,4.0608443208,4.45225235941,4.06021065022,4.45155803418,1.99999996
2.8395406864,3.1937539626,4.34808432536,4.51501294291,1.36738582102,2.70706343437,4.06312421015,4.43036994674,4.06249052932,4.42967845584,1.99999996
2.8202022367,3.12784761202,4.27510949491,4.4606472997,1.37030353813,2.63735618019,4.03302446113,4.39955659949,4.03239562124,4.39886922668,1.99999996
2.76710823119,2.99628857225,4.13070615878,4.37208823023,1.37426150236,2.52276152122,3.95479280302,4.26626252077,3.95417584694,4.26559669577,1.99999996
2.72045836241,2.93983192981,4.04025916242,4.30717037804,1.37921548334,2.46111042521,3.84597977859,4.18656510534,3.84538003737,4.1859113943,2.13333328782
2.65069093473,2.85538799687,3.96525846724,4.25278928222,1.3887992149,2.37319419723,3.72330261708,4.08460099095,3.72272281883,4.08396451345,2.13333328782
2.74918512606,2.88548626738,4.09605192614,4.47416342875,1.40687665694,2.37126105115,3.85851809638,4.26279327671,3.85791693164,4.26212785284,1.99999996
2.80481640268,2.95154276624,4.10696563241,4.42702728936,1.39137396976,2.3870368099,3.90852664043,4.2511157,3.90791727627,4.25045247129,1.99999996
2.79417172661,2.95006155709,4.08589987517,4.38420238601,1.38366786323,2.3972213376,3.89119143116,4.21199346395,3.89058477318,4.21133666562,1.88235290574
2.82498522303,3.01547543501,4.14383122142,4.38511125806,1.37164039189,2.46856533531,3.93632285311,4.2358736948,3.93570909002,4.23521341939,1.99999996
2.82464966117,3.10238973514,4.20737972721,4.40898294562,1.36732491682,2.54896575969,3.9002768631,4.24603046043,3.89966869975,4.24536944818,1.99999996
2.80628080161,2.98968778205,4.08993028693,4.34028201633,1.37158398051,2.44528714338,3.8904317855,4.18624621991,3.88982521304,4.18559304642,1.99999996
2.84298467164,3.14861453522,4.27758063419,4.43209387317,1.36224018819,2.64324223635,3.90603123936,4.27197804545,3.90542238608,4.27131330882,1.88235290574
2.81645553577,3.06321514204,4.20160895363,4.38677569617,1.36470807664,2.56225892026,3.89965908108,4.21890466076,3.8990519845,4.21824721789,1.99999996
2.76349089448,2.99302255358,4.16223622634,4.40925977622,1.37161710529,2.55779783837,3.95270692883,4.27020312363,3.95209054524,4.26953725304,1.88235290574
2.74745139025,2.97256712919,4.12850508792,4.38098490455,1.37366433337,2.53485394067,3.92549177162,4.23302076637,3.92487984078,4.23236030523,1.88235290574
2.71615218908,2.92728150473,4.06324551349,4.33474970196,1.37713811365,2.48224530606,3.88895066379,4.21225799722,3.88834477984,4.21160111639,1.88235290574
2.75135035071,2.98727926125,4.14395760632,4.39458330693,1.37427519953,2.5371527487,3.94211162816,4.29657675296,3.94149621404,4.29590613892,1.99999996
2.73649595005,2.95269842089,4.10698557793,4.36667460055,1.37673779632,2.51389432536,3.91806710466,4.238732313,3.9174569875,4.23807092166,1.99999996
2.70596754396,2.93354164804,4.05280743239,4.3251246828,1.38377015971,2.47796939626,3.83464232364,4.18047962455,3.83404460612,4.17982824919,1.99999996
2.68479349743,2.88141326866,3.94508415244,4.25000984674,1.38686856329,2.4105025306,3.74232904409,4.12221752507,3.74174589564,4.12157474985,1.99999996
2.61638203657,2.81959614812,3.91180728763,4.21565774753,1.3941031153,2.34253774587,3.68738280115,4.04948326822,3.68680801839,4.04885215446,1.99999996
2.53955398182,2.77133452124,3.89577071917,4.16821359494,1.39663105495,2.32652693918,3.58766799042,3.95220901906,3.58710949246,3.95159189287,2.13333328782
2.56644645358,2.76982242461,3.9324005404,4.24445451936,1.41098244394,2.30457365226,3.63078384775,4.01547669119,3.63021840265,4.01484948289,2.13333328782
2.70569734293,2.85271326587,4.04478556458,4.42409175442,1.41007165607,2.34538379802,3.82374588639,4.20640558804,3.82314995289,4.20574911605,1.88235290574
2.76900721663,2.89769470782,4.09568922565,4.46371853309,1.39749095522,2.36866430043,3.87097509679,4.24580245374,3.87037150496,4.24514002573,1.88235290574
2.74449439844,2.87611974172,4.01329460022,4.37957006768,1.39679651772,2.3202190723,3.84511573885,4.2000029652,3.84451652571,4.19934703513,1.77777774617
2.75408537582,2.895779862,4.01937289503,4.36267597208,1.39051587938,2.33708631418,3.84059830991,4.18589899763,3.83999950848,4.18524602006,1.88235290574
2.74486354714,2.89281161698,3.99891945197,4.33207058169,1.38947188814,2.33106784814,3.8307360177,4.16360962304,3.83013915049,4.16295989779,1.88235290574
2.77633308201,2.94808476531,4.04508829351,4.3314066659,1.37914474759,2.38101961641,3.88377255257,4.18015900071,3.88316820549,4.17950733221,1.88235290574
2.78918537162,2.95354825443,4.03914517349,4.31622861928,1.37701433961,2.3828092134,3.8521510898,4.16898844582,3.85155135096,4.16833886527,1.88235290574
2.78493116357,2.94990341279,4.05031413629,4.31991758807,1.37604035574,2.40267066455,3.85402513663,4.16506346432,3.85342466566,4.16441458596,1.77777774617
2.66218376219,2.83468006267,3.94699174301,4.25072208344,1.38685729224,2.40783589741,3.77846725569,4.09922397079,3.77787828613,4.09858490208,1.88235290574
2.66290513564,2.8405732254,3.95413726671,4.25828962305,1.38734240675,2.40965013796,3.77033182068,4.11152765455,3.76974446071,4.1108862228,1.88235290574
2.64303195252,2.81633038755,3.92248221971,4.23065031695,1.38851259715,2.38921933584,3.74798335071,4.0884941475,3.74739963255,4.0878570411,1.99999996
2.71353242896,2.90918713442,4.0288039743,4.31879514599,1.38328810903,2.4763612897,3.77250269564,4.15524752706,3.77191529938,4.15459997725,1.99999996
2.71772381933,2.94189228057,4.04382106921,4.33377795728,1.38319560296,2.4734359472,3.76698795024,4.18496963135,3.76640074496,4.18431768779,1.99999996
2.63519972913,2.84681728816,3.93633885138,4.25185072432,1.39196850805,2.3821648887,3.70071869715,4.09845009937,3.70014142681,4.0978096347,1.99999996
2.55579875756,2.77733880395,3.90240316035,4.19644027931,1.40113919973,2.31100840476,3.64128662278,4.0010152176,3.64071965814,4.00039075817,2.13333328782
2.52806943939,2.78314584764,3.92901522838,4.17910079751,1.39878360239,2.34664929896,3.56796270979,3.92926671583,3.56740695712,3.92865422496,2.28571423347
2.50692000798,2.74495333981,3.88878510154,4.1585876139,1.40721840208,2.30256633452,3.54110695783,3.91010408726,3.54055505777,3.90949365802,2.13333328782
2.67105770747,2.84842602245,4.07681298651,4.4310883073,1.41186914267,2.36761684951,3.78371770167,4.18592440432,3.78312766675,4.18527036784,1.99999996
2.73239430231,2.87447065904,4.12631351262,4.51845314236,1.40385389833,2.41009448311,3.85998532414,4.26907232877,3.85938426071,4.26840644637,1.88235290574
2.73263790158,2.87788484213,4.09838320524,4.4764813281,1.39980889529,2.39747216289,3.84653498599,4.24209518439,3.845936107,4.24143323797,1.77777774617
2.71496121118,2.8467064855,4.00774175475,4.38574298022,1.39661625022,2.34870121814,3.80944054604,4.17923759569,3.80884735823,4.17858538505,1.77777774617
2.72565115687,2.86220638646,3.98302054275,4.33147345638,1.394976445,2.31474199689,3.81022046298,4.15384616663,3.80962656059,4.15319767356,1.77777774617
2.76308324059,2.9036925118,4.04707754864,4.39626431836,1.38788338184,2.36659348351,3.86014795889,4.21556658032,3.85954617449,4.21490857842,1.88235290574
2.71195297273,2.86953932853,3.9723171206,4.31357391882,1.38897426258,2.33512010302,3.79544055624,4.14539706613,3.79484894794,4.14475009167,1.77777774617
2.72814486558,2.89285291542,3.97933816205,4.29770734504,1.38612783775,2.34654216978,3.813673304,4.15012353932,3.81307861561,4.14947711194,1.77777774617
2.77418811322,2.92777048938,4.06236856968,4.37119568692,1.38544486058,2.36729182484,3.85703152806,4.19991282661,3.85643049179,4.19925815905,1.88235290574
2.65277707958,2.83543963258,3.94100244461,4.27060952114,1.39140100543,2.39119399292,3.70916940523,4.1056594329,3.70859162747,4.10501919876,1.99999996
2.61115753096,2.79084577746,3.87655994226,4.2073515369,1.39654454241,2.35127264425,3.65381482063,4.03813399726,3.65324548301,4.03750421515,1.99999996
2.62817843029,2.82714579023,3.91941993996,4.2398212042,1.39388656754,2.3724146115,3.67416363222,4.07200149695,3.67359033135,4.071366992,1.99999996
2.59477335063,2.79746765675,3.88919856092,4.21033436886,1.39875176931,2.33612581159,3.65745320981,4.03774190415,3.6568839414,4.03711171463,1.99999996
2.58605602471,2.79542027694,3.90730646088,4.22279736488,1.39821413729,2.33046742354,3.65916810423,4.02374387116,3.65859779995,4.02311618188,1.99999996
2.53336047829,2.75821137109,3.88413010663,4.17099763944,1.40375851781,2.3035120358,3.60280673416,3.96485504906,3.60224565435,3.96423656058,2.13333328782
2.46835986897,2.7418652081,3.8419420064,4.0736007179,1.39960732967,2.3157081448,3.48030677547,3.82195648838,3.47976461202,3.82136173308,2.28571423347
2.49631423883,2.76229360669,3.90568154026,4.15214104998,1.40019604075,2.33837821089,3.52109530007,3.88921062384,3.52054686203,3.88860363821,2.28571423347
2.59371630337,2.78567247028,3.9700817813,4.30552514479,1.41300373062,2.31896287307,3.67727658102,4.06561186061,3.67670376154,4.06497769283,1.99999996
2.60167554539,2.77207655957,3.95627614598,4.32252265015,1.41590478482,2.30999074404,3.70497564242,4.08429060937,3.70439834699,4.08365397844,1.88235290574
2.6660759531,2.80917303712,3.99621538422,4.38344712178,1.40582789962,2.34162362738,3.7704017973,4.15463320436,3.76981480634,4.15398541461,1.88235290574
2.67207308996,2.81039099916,3.97591794453,4.36392008192,1.40184810823,2.33576226331,3.767848534,4.14705378059,3.76726230223,4.14640680472,1.77777774617
2.70327128467,2.84500197379,4.03547546123,4.41552023571,1.39575172257,2.37339579953,3.80251656821,4.19251091984,3.80192372778,4.19185640511,1.88235290574
2.6834726116,2.82464068523,3.95991814414,4.34373773267,1.3948540549,2.32813626772,3.77868402587,4.15324868826,3.77809452483,4.15260059727,1.88235290574
2.7263904859,2.87606539528,4.01702330118,4.37423606018,1.38878114262,2.36341664539,3.81984364463,4.18900277857,3.81924841621,4.18834957792,1.77777774617
2.75868790651,2.90873978718,4.02900095029,4.36419537739,1.38953591567,2.35379739104,3.85507545452,4.18710370176,3.85447476768,4.186451137,1.88235290574
2.79682982137,2.96756653794,4.12614291451,4.43474599987,1.38303947709,2.42664705499,3.90772806761,4.25670842083,3.90711887608,4.25604358189,1.88235290574
2.79078083969,2.95476617894,4.06391923172,4.35512603561,1.3806040041,2.38940894009,3.86858614047,4.18500925708,3.86798310635,4.18435760759,1.88235290574
2.5497563762,2.74153782713,3.83302385978,4.16601156135,1.40682252511,2.29714109248,3.59743436018,3.97966138335,3.59687453184,3.97904111714,1.99999996
2.61835569985,2.82146672043,3.95880256278,4.28700012547,1.39715645061,2.36789225711,3.70160626392,4.09724520592,3.70102964125,4.09660482405,1.99999996
2.60384115262,2.81276494048,3.95524490095,4.2786845903,1.39839988722,2.36308714674,3.68570432773,4.07645185712,3.68512996624,4.07581571542,2.13333328782
2.60021559168,2.8194614596,3.98410759401,4.28344231731,1.39980862096,2.36522458076,3.68954310063,4.06463885425,3.68896832467,4.06400498995,2.13333328782
2.53284971523,2.76552838832,3.90298970768,4.18448722085,1.40282943824,2.3232718875,3.57384924802,3.94423844728,3.5732922986,3.94362384643,2.28571423347
2.45888043449,2.75202795048,3.84551563846,4.06571438556,1.39721575629,2.32860746136,3.45817411035,3.8047764993,3.45763568186,3.80418331583,2.28571423347
2.48977892842,2.76979012622,3.91781800809,4.14978267069,1.3961046022,2.35339661409,3.51497351476,3.8767941258,3.51442596298,3.87619044592,2.28571423347
2.48746549038,2.6981426047,3.80281076201,4.10405945346,1.4194892474,2.23299791341,3.53399279642,3.88603740639,3.53344254969,3.88543122206,2.13333328782
2.59553177518,2.78462245713,3.9776236,4.32239349947,1.41176070645,2.32419039442,3.69867398654,4.07741722774,3.69809766158,4.07678111713,1.99999996
2.67588392725,2.83112780574,4.04577941005,4.42120790207,1.40572065612,2.37054825631,3.78685465169,4.17593798849,3.78626517918,4.17528567409,1.88235290574
2.7255429181,2.88138647246,4.1278269965,4.51186509415,1.39920447041,2.42694071163,3.85855300944,4.26147993421,3.85795220591,4.26081505643,1.88235290574
2.66193080782,2.80956215938,3.97785599171,4.36453528332,1.39913690602,2.34606820406,3.75669240665,4.13990914017,3.75610710149,4.13926284944,1.77777774617
2.71951818188,2.86162774322,4.03775588433,4.42199867398,1.39099739462,2.38142607211,3.82532422014,4.21044277174,3.8247283066,4.20978574801,1.88235290574
2.72907385399,2.87228696967,4.03126105888,4.4018811395,1.39217055877,2.36092531203,3.83570498009,4.21802111771,3.83510696804,4.21736341657,1.77777774617
2.74731246733,2.8984573229,4.05154862292,4.39920705613,1.38866562714,2.37697619498,3.84659339342,4.213746594,3.84599394156,4.21308858322,1.77777774617
2.71291357783,2.86771359769,3.98390811865,4.33631115409,1.39013052644,2.34681091981,3.81001232568,4.16725177486,3.80941845189,4.16660173712,1.77777774617
2.73698667866,2.89581698946,3.99896011041,4.32637848883,1.38615360353,2.35111314451,3.83396842541,4.16831149975,3.8333711751,4.1676615222,1.88235290574
2.73864955055,2.90144091722,4.00245406469,4.31899948822,1.38471150756,2.35322281571,3.8321716153,4.1660473143,3.8315747044,4.16539708835,1.77777774617
2.52250536721,2.73013090752,3.8585230467,4.16860502458,1.41267677156,2.28019822561,3.58202166491,3.94204632137,3.58146370482,3.94143158786,2.13333328782
2.47127261427,2.68413752095,3.77094094244,4.06686085995,1.41700147489,2.22918602599,3.51291158798,3.85302133801,3.51236477088,3.85242069744,2.13333328782
2.5520021152,2.78035837513,3.94979229425,4.23973653853,1.40304686429,2.32798115141,3.62743562692,3.99766060899,3.6268708624,3.99703691659,2.13333328782
2.55589249673,2.78996512041,3.96213106072,4.23778823052,1.40132144683,2.34299859303,3.61183990014,3.99136659423,3.61127773145,3.99074498349,2.28571423347
2.44006166939,2.74005603524,3.80773424696,4.0119846004,1.39575984142,2.31761236608,3.42696554273,3.74372344875,3.42643188618,3.74314004083,2.28571423347
2.45382940538,2.751768615,3.84368782475,4.06158075322,1.39603543178,2.3330290208,3.45047125415,3.79435535003,3.44993409073,3.79376458371,2.28571423347
2.52493279607,2.74749536091,3.90812677866,4.2006497481,1.40802803801,2.29459949946,3.57926204207,3.95527587624,3.57870471717,3.95465919953,2.13333328782
2.618521209,2.8090720696,4.03519089984,4.36633040537,1.40677600179,2.34747531495,3.72488658186,4.11195099081,3.72430656764,4.11130908892,1.99999996
2.57018320568,2.7425193585,3.88708598283,4.25029669993,1.41471258077,2.28006808146,3.64972341575,4.02101381821,3.64915505274,4.02038576808,1.99999996
2.62110793158,2.78940323563,3.96857751756,4.33908179952,1.40760973176,2.33614854223,3.71758081328,4.09559369614,3.71700203565,4.09495429151,1.88235290574
2.67121942182,2.82040089037,4.01766454606,4.40907640123,1.39993335197,2.36849222271,3.77281660359,4.16869434565,3.77222875384,4.16804385782,1.88235290574
2.70984928936,2.85067851601,4.03854977495,4.42498596201,1.39558592292,2.36251754406,3.81615042754,4.20836600647,3.81555543956,4.20770830281,1.77777774617
2.69196612322,2.83828160413,3.96863075195,4.33869073781,1.39131758833,2.34157614382,3.77823562857,4.14924859649,3.77764680257,4.14860123686,1.77777774617
2.68373806765,2.83620936308,3.96247904814,4.32943825679,1.39283994539,2.32841102392,3.77965703165,4.1473972972,3.77906826241,4.14675068702,1.88235290574
2.72786432045,2.87584745113,4.03796873738,4.40153413271,1.39071569536,2.36308284693,3.83429746104,4.20969904346,3.83370051239,4.20904207464,1.88235290574
2.7812204265,2.93578716406,4.10685114971,4.43550050409,1.38347582835,2.40431181587,3.88519123907,4.24208767133,3.88458584682,4.24142568229,1.88235290574
2.69095966383,2.84827872891,3.93126586554,4.27594101168,1.39121114394,2.31455178904,3.77114373048,4.12171320163,3.7705555133,4.12107045629,1.88235290574
2.73275590884,2.89343481738,3.9948782066,4.3124675096,1.38516060887,2.37644689226,3.82028314582,4.16756364792,3.81968840052,4.16691390356,1.77777774617
2.46981605384,2.69202984118,3.80748970348,4.08397001745,1.41828367996,2.23923405656,3.50503543906,3.84979075088,3.50448968935,3.84919070958,2.13333328782
2.5391003683,2.76468325871,3.94181250116,4.21774816619,1.40703250959,2.32110847088,3.5931976385,3.96249741868,3.59263848256,3.96187880217,2.13333328782
2.44849329608,2.70840723053,3.80480034919,4.04327660465,1.4091903406,2.27295522689,3.4564105541,3.79899974806,3.45587186844,3.79840742652,2.28571423347
2.45526942589,2.77303083043,3.84648039015,4.04067672486,1.39100922647,2.35292368179,3.44090991215,3.76041013139,3.44037450816,3.75982451545,2.46153840095
2.43372440628,2.74575544306,3.80370446772,3.99978917111,1.39482032843,2.32126810134,3.41416316253,3.71936685292,3.41363150449,3.71878738079,2.46153840095
2.48494082374,2.72542037054,3.85980802839,4.1258312093,1.4090026165,2.28312314968,3.51909857023,3.87918051768,3.51855066113,3.87857545509,2.13333328782
2.50755287464,2.71717441033,3.85153128748,4.16001034678,1.41722142353,2.25834807541,3.57020287615,3.92780756469,3.56964642545,3.92719483458,2.13333328782
2.61328804575,2.80497107633,3.99249865398,4.32901463618,1.41162485206,2.34465550871,3.70910109833,4.08760652315,3.70852327308,4.08696839882,1.99999996
2.60290131093,2.77639004549,3.924858775,4.28095583512,1.40892621186,2.31373982291,3.68364007587,4.05720735399,3.68306693403,4.05657477673,1.99999996
2.59739488955,2.76202556238,3.90554147223,4.28227988196,1.40657139607,2.30104943904,3.68398028724,4.05854557514,3.68340608981,4.05791225122,1.88235290574
2.69108501594,2.83876664872,4.04139863269,4.42779014816,1.39985872136,2.37692109448,3.79645680293,4.19025838883,3.79586476974,4.18960510374,1.88235290574
2.68415403759,2.84728920272,4.02610084946,4.39554720519,1.393139425,2.37046177538,3.78279461877,4.17885058437,3.78220648102,4.17819866908,1.88235290574
2.6914389217,2.84973998581,4.00346968707,4.37212268557,1.38931864181,2.3721874308,3.78048239579,4.15974852823,3.77989276217,4.15909987762,1.88235290574
2.69634855692,2.84422987069,3.97071955662,4.33941964059,1.39125385136,2.33631828561,3.78541436125,4.1575813121,3.78482469241,4.15693303476,1.77777774617
2.70303577881,2.86464347593,3.9874949765,4.33255205144,1.38859424173,2.35508089214,3.78157347964,4.15050408495,3.78098407748,4.14985697933,1.88235290574
2.71082040092,2.86137028648,3.96636762205,4.31674929267,1.38722268994,2.34774663513,3.79609913991,4.15357110597,3.79550833471,4.15292308683,1.88235290574
2.73047087195,2.88384017233,4.02008373533,4.36290642559,1.38888188179,2.3482587761,3.82649939992,4.18622015215,3.8259031934,4.185566943,1.77777774617
2.73369392579,2.88193993291,3.99101900992,4.32598161957,1.38760783296,2.34765286743,3.82772775363,4.16468479729,3.82713167694,4.16403499655,1.77777774617
2.45311204431,2.70846525534,3.81569680748,4.05559556401,1.41234637326,2.25966124379,3.46286311323,3.80052322943,3.46232466225,3.79993061327,2.28571423347
2.42877823383,2.6950094704,3.75378869893,3.98245200227,1.40899712224,2.24910033316,3.41576388525,3.74023177693,3.41523231179,3.73964879238,2.46153840095
2.43472391068,2.75009558301,3.75011713256,3.92686901515,1.39136445477,2.29433562548,3.39118942705,3.66502278178,3.39066116299,3.66445226259,2.66666659556
2.43643858609,2.75939099744,3.79439541047,3.9735885503,1.38961351926,2.33292370304,3.40569373926,3.6886955287,3.40516401977,3.68812111878,2.46153840095
2.4597416997,2.71134210119,3.82389396663,4.07720780089,1.40892306056,2.26510120464,3.48062412255,3.83426890293,3.48008249605,3.8336711181,2.28571423347
2.51173651271,2.72835032024,3.87711740043,4.17034843272,1.41401414287,2.27176610914,3.57344172726,3.93601259744,3.57288516015,3.93539931828,2.13333328782
2.52059427925,2.72022140644,3.8531664238,4.17765254382,1.41599886567,2.26245055386,3.58604799258,3.94247048506,3.58548919536,3.94185480351,1.99999996
2.58749548045,2.7680873192,3.92117408814,4.26858527623,1.40918880159,2.30707195823,3.66913666526,4.04441663279,3.66856510019,4.04378595254,1.99999996
2.58850054234,2.76336701072,3.90763728756,4.26430190089,1.40614483959,2.31209105648,3.66186818206,4.03556140748,3.66129693536,4.03493136925,1.99999996
2.63017377703,2.78711206771,3.94616966817,4.32570162772,1.40216761582,2.33008165002,3.72019979296,4.0988310974,3.71961981915,4.09819152136,1.88235290574
2.64017757148,2.79985161346,3.95403908008,4.33314708023,1.39871327121,2.34055853415,3.72670544732,4.11390624757,3.72612476243,4.11326500405,1.88235290574
2.67963120477,2.83301672483,3.97250600784,4.34468903258,1.39148940382,2.34586787426,3.76167353094,4.14912997983,3.76108745074,4.14848214091,1.88235290574
2.6736403942,2.82465913585,3.95423080651,4.32906317428,1.39135738395,2.34199064814,3.7591673993,4.14148827301,3.7585824882,4.14084093191,1.88235290574
2.67200834981,2.83030920102,3.95196672934,4.32475352689,1.39141453818,2.34363994505,3.76005466819,4.14240280116,3.75947001097,4.14175693246,1.77777774617
2.69239823973,2.85622857837,3.98453938949,4.34425746833,1.3891437823,2.3635822881,3.79149111668,4.16107310081,3.79090045145,4.16042412362,1.77777774617
2.7101744706,2.86783613726,3.98528211404,4.33052995033,1.38808624248,2.3478190777,3.80583338351,4.16433923482,3.80524048587,4.16368962858,1.88235290574
2.72986241746,2.89034401171,4.01509849684,4.34967309053,1.3867553321,2.3696056372,3.82555412004,4.18275659847,3.82495784227,4.18210455713,1.88235290574
2.749137757,2.90068135917,4.02788350692,4.35631256264,1.38822760089,2.35623254227,3.8450336104,4.18437266525,3.84443405337,4.18372055759,1.88235290574
2.39959376797,2.67203933616,3.61927224832,3.82698781281,1.41250858774,2.18194880518,3.34347129555,3.60181781584,3.34295077986,3.60125701156,2.66666659556
2.52491328785,2.82569431248,3.8756753122,4.06735524008,1.37987437086,2.36033204254,3.5184001553,3.80419478478,3.51785255646,3.80360207202,2.66666659556
2.47790081065,2.80391283513,3.84976551848,4.01722562244,1.38141817937,2.37604483007,3.46240941731,3.73477928052,3.46187026849,3.73419841267,2.66666659556
2.4270164452,2.70224171487,3.76942214787,3.99424293788,1.40834131974,2.26831709721,3.41343070804,3.74640754639,3.41289869568,3.74582354721,2.28571423347
2.49352820339,2.72468036111,3.86480102801,4.13636353813,1.41123677881,2.28175148316,3.53187242022,3.89092443141,3.53132208532,3.89031762965,2.13333328782
2.52093709156,2.73101571465,3.87164737841,4.17471987525,1.41318701044,2.27751572366,3.57575056837,3.94074723976,3.57519401684,3.94013252321,2.13333328782
2.56562677666,2.75803446467,3.92004764896,4.24919524491,1.41056432062,2.29729673073,3.64342545607,4.01100797072,3.64285785842,4.01038223795,1.99999996
2.57897217372,2.75777580225,3.90860653858,4.26037312987,1.40948062263,2.29537678578,3.65336770495,4.02573458887,3.6527983065,4.02510700747,1.99999996
2.57607596704,2.74974944799,3.88038481,4.24476670407,1.40932230059,2.28999056175,3.64778910876,4.02424960497,3.64722081591,4.0236230126,1.99999996
2.61276156356,2.77632666509,3.91784367996,4.29217127489,1.40408130209,2.31696652316,3.69186723551,4.07489705613,3.69129193963,4.07426156556,1.88235290574
2.65954463662,2.81251912733,3.97681224179,4.35622479366,1.39880906795,2.34255855733,3.74598642138,4.13351518596,3.74540336009,4.13287097528,1.88235290574
2.74436710932,2.90956050158,4.13481160429,4.48642959917,1.38636900917,2.44000360535,3.85277187094,4.25332198802,3.85217182751,4.25265825162,1.88235290574
2.66425885161,2.8211148826,3.95220679321,4.32239485399,1.39125722413,2.33988645444,3.74880857006,4.12671231092,3.74822441924,4.12606906965,1.88235290574
2.67669212781,2.84262906319,3.96783155952,4.32554061958,1.38742088679,2.36237240635,3.753356439,4.13855724101,3.75277203197,4.1379116291,1.88235290574
2.64579753294,2.81143700445,3.8796572606,4.23194472259,1.3881529702,2.30673878616,3.71837164697,4.08384330412,3.71779179377,4.08320560386,1.88235290574
2.6861979583,2.85051226021,3.96376476872,4.32036798821,1.38858705442,2.34722704553,3.7814488209,4.15488143204,3.78085899302,4.154232702,1.77777774617
2.75146292016,2.90846741829,4.09027870924,4.44160359479,1.38746808303,2.4083675165,3.86034067236,4.24627057221,3.85973849268,4.24560808826,1.88235290574
2.75228985355,2.92274916037,4.09248630258,4.42992659058,1.38500474407,2.41356825044,3.85970679834,4.23842806621,3.85910604503,4.23776632084,1.77777774617
2.50774485652,2.81573270092,3.81396719027,3.97386140997,1.37600853643,2.33587969136,3.49426698237,3.72988973998,3.49372342106,3.72930872303,2.90909082446
2.41617522518,2.68914219443,3.70498034388,3.92122217594,1.40488444464,2.23820648575,3.38416192254,3.67875060212,3.38363535888,3.67817796599,2.46153840095
2.41687301224,2.67362104018,3.73876651382,3.97171302296,1.41333261385,2.23057995748,3.41340259901,3.74542531411,3.41287132339,3.74484148086,2.28571423347
2.48590094864,2.72093630357,3.84894418265,4.12453748081,1.40955336705,2.27635473453,3.52444939179,3.88062235481,3.52390083983,3.88001729401,2.28571423347
2.49349479934,2.71073018214,3.81566408519,4.11953986017,1.41231219951,2.25604833304,3.54320564143,3.89589096289,3.54265374595,3.89528340777,2.13333328782
2.56460192169,2.75640241303,3.90828383427,4.24240202766,1.40875836912,2.30261155986,3.63762635568,4.00756973818,3.63705970346,4.00694435512,1.99999996
2.56238205596,2.74140175616,3.86586772711,4.21501930452,1.40996120957,2.27909235033,3.62547081044,3.99545305456,3.62490629617,3.99482989115,1.99999996
2.54001530588,2.71497950985,3.80756972848,4.16537357851,1.41308336868,2.25714612888,3.59315419328,3.95664169591,3.59259459912,3.95602435851,1.99999996
2.63029709285,2.79548877161,3.94662820756,4.31825719631,1.39849711766,2.34006051982,3.7153265524,4.09521757625,3.71474778646,4.09457837287,1.88235290574
2.63702586308,2.80709838829,3.95538143835,4.3226014055,1.3949513815,2.33862316251,3.72013699553,4.10940539852,3.71955673001,4.10876509298,1.99999996
2.65071726554,2.81093134659,3.94068958738,4.30912401746,1.39469728977,2.32036866017,3.73635896209,4.11894364171,3.73577687012,4.11830167499,1.77777774617
2.67925898743,2.84570394036,3.97337706247,4.33015960059,1.38505077852,2.36337271437,3.75936210392,4.14109561691,3.7587767437,4.1404496843,1.77777774617
2.65430579462,2.81098148145,3.90144896986,4.26452080529,1.39459618662,2.30038925749,3.74157058056,4.09529111756,3.74098735355,4.09465331635,1.88235290574
2.62831435615,2.78718192314,3.83816728433,4.19773149762,1.39238279794,2.27911079011,3.69589899167,4.04961474598,3.69532380423,4.04898346828,1.77777774617
2.69146186677,2.84038616129,3.97121394093,4.34610021277,1.39305307279,2.33419754274,3.78980627761,4.16405593372,3.78921520389,4.16340602585,1.77777774617
2.72041825016,2.87524379012,4.00737388854,4.36270956548,1.38923975393,2.35967413183,3.82799758002,4.19465040294,3.82740134605,4.19399526406,1.77777774617
2.7451393105,2.90990293073,4.06706786054,4.39689229851,1.38529188711,2.4128811467,3.85219323322,4.21331362233,3.85159303621,4.21265570239,1.77777774617
2.51440425192,2.80794658994,3.78549553883,3.97328616672,1.37885808413,2.27601950908,3.49840116507,3.75509887274,3.49785653101,3.7545142402,2.90909082446
2.45935801742,2.74026116662,3.80585203222,4.02812708213,1.39794351465,2.27699944118,3.45122928128,3.7722621228,3.45069217952,3.77167473032,2.46153840095
2.45142014569,2.70927830421,3.80197222367,4.04360702646,1.40619899343,2.27430772276,3.45675190714,3.79915306241,3.45621359289,3.79856036841,2.28571423347
2.51459009177,2.74581619129,3.89505127114,4.17546162416,1.40679076542,2.30068926177,3.56010594056,3.92465201877,3.55955174565,3.92404000323,2.13333328782
2.53329756824,2.74044896159,3.88561084187,4.19477581571,1.40988569979,2.28816916435,3.59490645613,3.96048924835,3.59434728504,3.95987208188,2.13333328782
2.48833118862,2.68035330112,3.75740152914,4.07976624327,1.41994573493,2.22150915481,3.5324403024,3.87423166964,3.53188969697,3.87362724945,1.99999996
2.57355362635,2.75441595023,3.88764632153,4.22708907418,1.40779972574,2.29004916558,3.63872890939,4.013214955,3.63816260855,4.01258893602,1.99999996
2.58612924022,2.76332073614,3.89493786805,4.25569804188,1.40307265756,2.31521069173,3.65261451682,4.03410448064,3.65204498633,4.03347558864,1.88235290574
2.60465551438,2.77092618173,3.89593035012,4.26065353248,1.40185974218,2.30416408303,3.67632911039,4.05241240262,3.67575665359,4.05178078602,1.88235290574
2.62179157519,2.79289379176,3.92355921829,4.28785456832,1.39533792275,2.32909223106,3.70081573103,4.07688503723,3.70023973113,4.07624934189,1.99999996
2.66018257804,2.82512981789,3.96782687578,4.33197121357,1.39300565107,2.35372968976,3.74106292801,4.12728548434,3.74048080365,4.12664168123,1.88235290574
2.66255731121,2.8264623353,3.95037764721,4.3132652056,1.39080494968,2.33179109059,3.7419610982,4.11969485008,3.74137799441,4.1190521402,1.88235290574
2.60842898567,2.7760013875,3.84592937701,4.20474766468,1.39504968989,2.27137895121,3.68443438479,4.04472102427,3.68386024937,4.04408996288,1.88235290574
2.64353508262,2.80718008451,3.8902627676,4.2456292229,1.3925427179,2.29759178491,3.72104279843,4.07174118881,3.72046259637,4.07110610202,1.88235290574
2.67007649676,2.82604537679,3.91297079483,4.27196750622,1.38935824594,2.32253878852,3.75755870509,4.12228388254,3.75697284768,4.12164032217,1.88235290574
2.73550061576,2.9089417174,4.05931507725,4.38085050949,1.38284701421,2.41624052389,3.82335327888,4.2019020666,3.82275724853,4.20124624928,1.88235290574
2.71543862358,2.87401160136,4.00923463049,4.35389972975,1.39034035594,2.35402980448,3.81138416428,4.17891065724,3.8107905889,4.17825837405,1.77777774617
2.46318952611,2.75143687772,3.76689273642,3.96991751335,1.39462762661,2.27486228268,3.44006602588,3.72223270238,3.43953067741,3.72165296025,2.66666659556
2.50319250915,2.76386417841,3.77358899965,3.98855838154,1.38880614401,2.28268283074,3.48111423296,3.75627062427,3.48057245393,3.75568629684,2.66666659556
2.457808733,2.75580841568,3.71692104051,3.91499358763,1.3892975691,2.23122265211,3.42607516084,3.68871723115,3.42554148819,3.68814288249,2.66666659556
2.42247618951,2.68643609617,3.7372741494,3.96427443451,1.41052031002,2.23481915285,3.41293899781,3.73213914833,3.41240769181,3.73155756967,2.28571423347
2.48294773569,2.71252817622,3.82996352237,4.09883550751,1.41181488012,2.26814343217,3.51076724667,3.85738919691,3.51022048081,3.85678790042,2.13333328782
2.51040881392,2.72733432784,3.84169762467,4.14031845632,1.40897579577,2.28225579441,3.5479808215,3.9219283298,3.54742806676,3.92131643298,2.13333328782
2.57902706307,2.77789880929,3.92937251536,4.25240733563,1.40174001703,2.32417516128,3.64768987924,4.0199532389,3.6471219831,4.01932652969,2.13333328782
2.62108582687,2.79981347643,3.97391135146,4.32071510255,1.40111986747,2.33717667235,3.7005384413,4.08677611101,3.69996180899,4.08613841287,1.99999996
2.55532110484,2.73287232055,3.82084329431,4.17193277573,1.40608058706,2.26629275254,3.61422519279,3.97652529867,3.61366195493,3.97590458688,1.99999996
2.63460187569,2.8157713918,3.97088156519,4.32518716409,1.39534426502,2.35636913913,3.7069266705,4.10682407959,3.70634907604,4.10618394587,1.99999996
2.62746942961,2.79686932432,3.92087263412,4.28211186735,1.3948544343,2.3272261489,3.70946814851,4.08786581417,3.70888969306,4.08722765065,1.88235290574
2.65314283706,2.82220757606,3.95198777476,4.31604763807,1.39318190152,2.34450109664,3.73745321771,4.12110854152,3.73687106405,4.12046577251,1.88235290574
2.6455243241,2.808379815,3.92135645131,4.28554440979,1.39117181149,2.32887156281,3.72222217259,4.09814176626,3.72164229524,4.09750185965,1.88235290574
2.71291915296,2.87523771387,4.03786198196,4.39408355983,1.38693853066,2.38511473269,3.80721384598,4.19234324056,3.80662149628,4.19168930528,1.88235290574
2.68531440289,2.85631501544,3.97461785192,4.31728635412,1.38731930088,2.35882534956,3.76883411249,4.14435612983,3.76824693503,4.14370930852,1.77777774617
2.73402853664,2.89895044369,4.06540339677,4.40503620742,1.38550228353,2.39471409012,3.83957620908,4.22005439903,3.83897761577,4.21939557412,1.77777774617
2.71242029663,2.87577742239,4.00859960865,4.35916113785,1.38699304758,2.3706295311,3.8100164265,4.18353082806,3.80942324075,4.1828772331,1.88235290574
2.67871834551,2.84536416731,3.94599896471,4.28549900061,1.38882641099,2.33512038929,3.76705209103,4.12421836396,3.76646600066,4.12357513469,1.88235290574
2.51956157688,2.76219022045,3.90664291519,4.15797459403,1.40525750889,2.3266374994,3.54056571301,3.89493566832,3.54001448291,3.89432803195,2.28571423347
2.54237561764,2.80343923402,3.97638650707,4.22028917738,1.39516578335,2.36108558843,3.57431115764,3.93624270873,3.57375495827,3.93562885446,2.46153840095
2.47315166645,2.76055620128,3.76729395125,3.97588751451,1.38997603838,2.261284211,3.44996783336,3.73476996987,3.44943070768,3.73418739676,2.66666659556
2.48264357499,2.75577917724,3.80609524268,4.02659728571,1.3919956298,2.30765583342,3.47028883153,3.77991880149,3.46974833985,3.77933105765,2.66666659556
2.47358091899,2.71639760477,3.82377615217,4.07529556845,1.4060735537,2.26526401292,3.49511241732,3.83871939093,3.49456865403,3.83812065961,2.28571423347
2.51356629858,2.74483998389,3.87780583974,4.16037384121,1.40336216244,2.29581772034,3.55522879053,3.92320629684,3.55467475455,3.92259373195,2.28571423347
2.52402122038,2.73021226615,3.84335865271,4.15465689519,1.40883594645,2.27203906435,3.57169603406,3.93509698937,3.5711399468,3.93448329887,2.13333328782
2.60113089628,2.80113419885,3.96038368791,4.28476111,1.39731201184,2.3543363562,3.66696875766,4.05297974057,3.66639743088,4.0523472492,1.99999996
2.51204950074,2.70466945427,3.78123655889,4.11456347789,1.41246302927,2.2525992743,3.56367522325,3.91803686293,3.56312013879,3.91742583441,1.99999996
2.64092882576,2.82399482605,3.9855704415,4.33895626993,1.3919210342,2.36759612295,3.7136347539,4.10690735717,3.71305606681,4.10626589074,1.99999996
2.62010898933,2.78764930859,3.90822170548,4.27438860615,1.398507459,2.29545639943,3.70160372907,4.06971362463,3.70102772358,4.06907879759,1.88235290574
2.61589632193,2.78896238851,3.88522278727,4.23971937213,1.39401625978,2.30476191815,3.68658844377,4.05795308893,3.68601329722,4.05731970296,1.88235290574
2.61900088547,2.78070798744,3.87569724278,4.24633043536,1.39892657566,2.28003938494,3.70421714936,4.05965875584,3.70364019313,4.05902586708,1.88235290574
2.61843833183,2.78693887163,3.86084640853,4.21755258081,1.39216063557,2.2928529195,3.69305331409,4.05680130345,3.69247734176,4.05616803017,1.88235290574
2.67765580178,2.84275447871,3.9638674063,4.316335464,1.3886341131,2.34789778155,3.76085607539,4.13607680273,3.76026971963,4.13543209269,1.77777774617
2.7226858926,2.88007711694,4.04210180482,4.39439501946,1.38954095511,2.37094999212,3.82569912045,4.20108929834,3.82510283406,4.2004337788,1.88235290574
2.68998004223,2.85761093381,3.98405660229,4.33208864484,1.38831856955,2.35930268922,3.78423953918,4.1590596599,3.7836501289,4.15841118087,1.88235290574
2.7142778138,2.88313121659,4.00108113213,4.32838804899,1.38444629686,2.37806690817,3.80730117962,4.16878301885,3.80670829556,4.16813280738,1.88235290574
2.57765858627,2.80301092987,4.01962602505,4.29483298307,1.40007377199,2.36437748958,3.64321519935,4.01864841742,3.64264779989,4.01802195351,2.28571423347
2.57917449935,2.80699518639,4.03218473729,4.30509627503,1.40104530169,2.37277282571,3.64486830699,4.02547469328,3.64429999411,4.02484634243,2.28571423347
2.50948214101,2.74465198214,3.87878754028,4.13576979528,1.40639094564,2.27733957115,3.53841944624,3.87935203532,3.53786797674,3.87874725773,2.28571423347
2.47564348983,2.76964132169,3.82411082564,4.02171537281,1.38653680252,2.32345998183,3.46437835238,3.75670602549,3.46383877022,3.7561210688,2.46153840095
2.45278380445,2.74500924893,3.78270218144,3.98293019674,1.39149969018,2.29950319751,3.43544388683,3.72452878565,3.43490850108,3.72394874417,2.46153840095
2.46592234034,2.70863675849,3.7965567603,4.0464672424,1.40527753313,2.26409986872,3.48010048094,3.82356978416,3.47955792773,3.82297427092,2.13333328782
2.57252577205,2.78764029427,3.94442268986,4.24631808394,1.39830668835,2.34398935702,3.63442902979,4.00821262726,3.633862878,4.00758748523,2.13333328782
2.54254528424,2.7451000496,3.85464774779,4.16471215857,1.40371397521,2.29792758701,3.59079659084,3.95487366547,3.59023731181,3.95425684053,2.13333328782
2.5770968979,2.75423076872,3.86645522698,4.20966754361,1.40648550721,2.26895471009,3.64031788202,4.00718969976,3.63975058973,4.00656499714,1.99999996
2.59549421814,2.77680123078,3.88570747129,4.22664822031,1.39686790019,2.29566861968,3.66365849163,4.02566429424,3.66308712235,4.02503620822,1.99999996
2.5859052429,2.75958911512,3.84239782838,4.19449640756,1.39931467235,2.27539605373,3.65054833974,4.01479351039,3.64997965319,4.01416728087,1.88235290574
2.67910178906,2.84802184342,4.00479057053,4.35561145838,1.38935193866,2.3531438929,3.7659022519,4.15361747164,3.76531556225,4.15296930868,1.99999996
2.63927523021,2.81256247624,3.93113322876,4.28039332877,1.39405755088,2.31297629314,3.71830386483,4.09424447182,3.7177247584,4.09360620057,1.88235290574
2.67627241499,2.84458458512,3.97357761617,4.32122014663,1.38763105434,2.35685609467,3.75590818442,4.13314069591,3.75532326461,4.1324969435,1.88235290574
2.65066035371,2.81804867179,3.91508562948,4.26184580307,1.39099914084,2.31688091482,3.73342243768,4.0953548499,3.73284031969,4.09471652585,1.88235290574
2.64800481741,2.80869065625,3.88399290006,4.23466174814,1.39605764977,2.28047523918,3.73452637509,4.08360349178,3.73394422652,4.08296686664,1.88235290574
2.74474501926,2.90996796285,4.08328254921,4.41833166249,1.38514779227,2.41587539852,3.84999076917,4.22543239589,3.84939133232,4.22477331873,1.77777774617
2.6632854837,2.8273847338,3.92233494403,4.269750907,1.393271099,2.31415403545,3.74722150551,4.11554647785,3.74663781406,4.11490374932,1.88235290574
2.52274056685,2.73581641457,3.86401708568,4.15431890575,1.40986763609,2.29217365728,3.56219866026,3.915059304,3.56164397223,3.91444847593,2.13333328782
2.5368755312,2.74582433398,3.8964762373,4.19329496329,1.40931649101,2.29845841015,3.58705294133,3.95885275337,3.58649389521,3.95823523507,2.13333328782
2.46633637367,2.67754227217,3.75417976297,4.03196595021,1.41793782163,2.22375598379,3.48962219945,3.81896636754,3.48907883434,3.81837123022,2.28571423347
2.53427158826,2.76960873987,3.91776662699,4.18163023845,1.4019030322,2.30744692846,3.57384544823,3.93470936087,3.57328897881,3.93409540433,2.28571423347
2.41888718394,2.69825362887,3.68057690098,3.89166007517,1.40397321119,2.21353889038,3.38574632286,3.67292982312,3.38521938067,3.67235754778,2.46153840095
2.47260517279,2.76423322693,3.84146766192,4.0391670353,1.38752301701,2.34486972109,3.46997333612,3.76684672759,3.46943246122,3.76626059473,2.28571423347
2.52346472059,2.75602088763,3.88687635069,4.15510905769,1.39952601063,2.30400426149,3.56768431859,3.92317782268,3.56712852539,3.92256665147,2.28571423347
2.53045343777,2.74094033906,3.84897481161,4.14779063318,1.40378142569,2.28957922628,3.578279411,3.94030761016,3.57772204005,3.93969353518,2.13333328782
2.55198357038,2.7454292618,3.85646875054,4.18139790571,1.40384211301,2.29439957141,3.60496995217,3.97489069498,3.6044090429,3.97427025642,1.99999996
2.57600431501,2.75673483587,3.86493710602,4.19889127646,1.40055334392,2.27469158523,3.64324609256,3.99991336188,3.64267818588,3.9992895662,1.99999996
2.63409955536,2.80518309192,3.9390192939,4.29235606287,1.39402373174,2.32339414939,3.70414782417,4.08493799314,3.70357092383,4.08430061825,1.88235290574
2.70070875848,2.88032185638,4.0500772613,4.38959422108,1.38457088344,2.39748064103,3.77959767506,4.17708658319,3.77900942413,4.17643552337,1.88235290574
2.61679467721,2.78841915985,3.87734526196,4.23316031102,1.39483066897,2.30091354206,3.68630489074,4.05469096929,3.68573030811,4.05405876553,1.88235290574
2.71186839644,2.8852060612,4.06548335014,4.40813225904,1.38622737565,2.3894846903,3.80690277509,4.19591556362,3.80630925448,4.19526104152,1.88235290574
2.68229442929,2.84479085652,3.97867228742,4.33179594646,1.38878279167,2.35017318397,3.76242236641,4.13602817628,3.76183619438,4.13538301111,1.88235290574
2.65583443868,2.80903072197,3.90610329225,4.26652003491,1.39501534095,2.29795705241,3.73475786958,4.09942591844,3.73417624147,4.09878598878,1.88235290574
2.69169943553,2.85062433448,3.95838357388,4.29977229911,1.39130725626,2.3290388264,3.78358917948,4.13481857119,3.78300015064,4.1341737833,1.88235290574
2.6519743047,2.81745882879,3.89001711812,4.23495998429,1.39056589204,2.3070336895,3.73126851899,4.07875771155,3.73068693325,4.07812080846,1.88235290574
2.5289530989,2.70914928818,3.83018517806,4.15293947132,1.41410111869,2.25365671437,3.58160022012,3.92748777508,3.58104251954,3.92687514473,2.13333328782
2.54218496972,2.7397482081,3.868617457,4.18208798542,1.40897549302,2.28076299687,3.59687805732,3.95773593165,3.59631791709,3.95711907486,2.13333328782
2.56086240012,2.76590461362,3.91131568857,4.21641713875,1.4023175155,2.31111260768,3.61655304647,3.98291774375,3.61598931171,3.98229598638,2.13333328782
2.49648728636,2.69845480609,3.78767168545,4.08335645449,1.4177955193,2.2281868432,3.53845271955,3.87441299495,3.53790139614,3.87380881832,2.13333328782
2.55638988665,2.80200160705,3.96225429764,4.23272114606,1.3935187145,2.36878562121,3.59459645164,3.97744328275,3.59403634361,3.97682291697,2.28571423347
2.46930132187,2.74266904278,3.79465580598,4.01501023622,1.39293860153,2.27190126881,3.46073989581,3.77771822835,3.46020090757,3.77712999159,2.46153840095
2.4692805145,2.74611005615,3.80157681233,4.02051031171,1.39355895657,2.29414300645,3.45932527504,3.78119634689,3.45878675722,3.78060799133,2.46153840095
2.51726608541,2.73923531028,3.84214475282,4.11837367318,1.40404282055,2.2594081643,3.56302403399,3.90459203549,3.56246934272,3.9039829449,2.13333328782
2.59761438731,2.8058061838,3.96293164883,4.27561595272,1.39606025653,2.35369633917,3.66309124845,4.0473518718,3.66252069324,4.04672084902,1.99999996
2.59709008652,2.78491053318,3.90959140254,4.23778261838,1.39680765338,2.30843478467,3.66236090525,4.02902911448,3.66179030934,4.0284007084,1.99999996
2.6415127209,2.81850102688,3.9548979092,4.29805729315,1.39380832084,2.33737591653,3.71158714918,4.09224141311,3.71100806714,4.09160364063,1.99999996
2.55932892348,2.74437614721,3.80961179342,4.14517166311,1.39831982295,2.26909734871,3.61494809233,3.96906664252,3.6143851517,3.96844672138,1.99999996
2.59752586181,2.76623256041,3.83850433446,4.18638944507,1.39640882679,2.26742563222,3.66456942748,4.01485173955,3.66399871379,4.01422609615,1.99999996
2.65123501188,2.82105197056,3.9266139414,4.27548456284,1.38923487591,2.32589380886,3.72460598557,4.10175536261,3.72402543465,4.10111546239,1.88235290574
2.63497063997,2.79723937649,3.88986292677,4.24752471515,1.3943247851,2.30054902775,3.71260836048,4.067517868,3.71203033768,4.06688347765,1.88235290574
2.68788486563,2.85952670158,3.98191787203,4.32123228408,1.3876519658,2.34722367098,3.77221704994,4.14378352858,3.77162935142,4.14313675724,1.77777774617
2.68273776823,2.84680095795,3.95842513581,4.30820177575,1.38941487891,2.3391325341,3.76892377807,4.14305766833,3.76833653717,4.14241129513,1.88235290574
2.71585466935,2.88429222602,4.00986016595,4.34935223684,1.38675403402,2.36377260827,3.80716188255,4.17741467597,3.80656860718,4.17676242354,1.77777774617
2.58933800331,2.77150303716,3.91894834943,4.25041796485,1.40327906746,2.31897201501,3.65229771482,4.02626566617,3.65172904988,4.0256376761,1.99999996
2.61830246575,2.79799652816,3.97220785193,4.31075815869,1.40095244172,2.33648071109,3.69431586558,4.07895689896,3.69374140951,4.0783200584,1.99999996
2.65752248613,2.83310726082,4.052872847,4.38737512625,1.39774616366,2.37455996658,3.73848064296,4.1278253352,3.73789855343,4.12718106558,2.13333328782
2.5968539867,2.79139343897,3.95047978775,4.27236652769,1.39875390679,2.33328306081,3.65684011257,4.0365926407,3.65627076762,4.03596285058,2.13333328782
2.59367992566,2.77969543947,3.9518120387,4.27134395916,1.40537405835,2.31356855381,3.66559388174,4.02773181968,3.66502318475,4.02710418308,2.13333328782
2.53729847792,2.76359472179,3.89714111768,4.16812981048,1.39921874272,2.30174089986,3.58489211388,3.93914478252,3.58433358045,3.93853118624,2.13333328782
2.47938154059,2.72629463809,3.7795106078,4.01632737486,1.39844200066,2.24806120036,3.47734608564,3.7983452433,3.47680448152,3.79775381091,2.46153840095
2.52244706727,2.78599423585,3.91077829171,4.13811359664,1.38873707775,2.33662198858,3.55012859231,3.88697655581,3.5495753572,3.8863706071,2.28571423347
2.55694505206,2.7769343611,3.91162753287,4.18546647411,1.39298602839,2.33544816144,3.60797403031,3.96129101683,3.60741238109,3.96067211021,2.13333328782
2.56092686704,2.75437856675,3.85895142777,4.17380657149,1.4011886199,2.27929013902,3.61584905103,3.96456153768,3.61528573176,3.96394286579,2.13333328782
2.63292636476,2.80653411097,3.95321785707,4.29529191228,1.39750333235,2.32055081894,3.70710937016,4.08455773823,3.70653165007,4.08391998163,1.99999996
2.60137438933,2.78753527399,3.88187625248,4.21112420677,1.39054170221,2.32772960558,3.65412701216,4.02543142788,3.65355874524,4.0248037385,1.99999996
2.6408000478,2.81771503359,3.93171716037,4.27568304464,1.38949263791,2.32742762731,3.71045738892,4.08683949509,3.70987996683,4.08620186066,1.88235290574
2.60638064788,2.77156834835,3.83801028949,4.1941599971,1.39650404972,2.25705939479,3.67663539477,4.03143499342,3.67606243719,4.03080583669,1.88235290574
2.6682607568,2.82976890572,3.94019737847,4.29292001328,1.39016201181,2.3167115822,3.75653188111,4.11930928493,3.75594599115,4.11866669533,1.88235290574
2.6245701192,2.79154172627,3.86219387153,4.20917738521,1.39473630632,2.27959777318,3.69925853079,4.05580598411,3.69868239988,4.05517322707,1.88235290574
2.69630090098,2.85532442339,3.98620454332,4.34133051274,1.39075915089,2.34430327389,3.78784496271,4.16043628332,3.78725532532,4.1597877643,1.88235290574
2.66570907288,2.83161227232,3.92342209821,4.26660222391,1.39128296804,2.3173887256,3.74725457394,4.10081849979,3.74667080199,4.10017935415,1.88235290574
